,Date,Name,Max Wind
0,1851,           UNNAMED,80.0
15,1851,           UNNAMED,80.0
17,1851,           UNNAMED,50.0
19,1851,           UNNAMED,100.0
69,1851,           UNNAMED,50.0
86,1851,           UNNAMED,60.0
104,1852,           UNNAMED,100.0
150,1852,           UNNAMED,70.0
159,1852,           UNNAMED,70.0
180,1852,           UNNAMED,80.0
217,1852,           UNNAMED,90.0
243,1853,           UNNAMED,50.0
245,1853,           UNNAMED,40.0
247,1853,           UNNAMED,130.0
296,1853,           UNNAMED,100.0
309,1853,           UNNAMED,50.0
311,1853,           UNNAMED,70.0
334,1853,           UNNAMED,50.0
336,1853,           UNNAMED,90.0
351,1854,           UNNAMED,70.0
363,1854,           UNNAMED,60.0
365,1854,           UNNAMED,110.0
391,1854,           UNNAMED,90.0
403,1854,           UNNAMED,60.0
416,1855,           UNNAMED,90.0
418,1855,           UNNAMED,90.0
425,1855,           UNNAMED,70.0
427,1855,           UNNAMED,60.0
444,1855,           UNNAMED,110.0
456,1856,           UNNAMED,130.0
471,1856,           UNNAMED,70.0
480,1856,           UNNAMED,50.0
493,1856,           UNNAMED,50.0
495,1856,           UNNAMED,100.0
536,1856,           UNNAMED,70.0
557,1857,           UNNAMED,50.0
566,1857,           UNNAMED,90.0
614,1857,           UNNAMED,70.0
635,1857,           UNNAMED,90.0
665,1858,           UNNAMED,70.0
667,1858,           UNNAMED,70.0
669,1858,           UNNAMED,90.0
686,1858,           UNNAMED,80.0
719,1858,           UNNAMED,80.0
734,1858,           UNNAMED,90.0
757,1859,           UNNAMED,90.0
759,1859,           UNNAMED,90.0
772,1859,           UNNAMED,70.0
779,1859,           UNNAMED,90.0
787,1859,           UNNAMED,70.0
804,1859,           UNNAMED,110.0
825,1859,           UNNAMED,60.0
837,1859,           UNNAMED,80.0
862,1860,           UNNAMED,110.0
898,1860,           UNNAMED,90.0
911,1860,           UNNAMED,90.0
935,1860,           UNNAMED,70.0
937,1860,           UNNAMED,60.0
954,1860,           UNNAMED,90.0
972,1860,           UNNAMED,90.0
991,1861,           UNNAMED,90.0
1020,1861,           UNNAMED,80.0
1039,1861,           UNNAMED,90.0
1064,1861,           UNNAMED,70.0
1066,1861,           UNNAMED,70.0
1074,1861,           UNNAMED,60.0
1091,1861,           UNNAMED,50.0
1093,1861,           UNNAMED,70.0
1109,1862,           UNNAMED,50.0
1122,1862,           UNNAMED,90.0
1136,1862,           UNNAMED,90.0
1171,1862,           UNNAMED,50.0
1173,1862,           UNNAMED,70.0
1188,1862,           UNNAMED,60.0
1203,1863,           UNNAMED,90.0
1212,1863,           UNNAMED,90.0
1221,1863,           UNNAMED,90.0
1240,1863,           UNNAMED,90.0
1249,1863,           UNNAMED,70.0
1282,1863,           UNNAMED,60.0
1298,1863,           UNNAMED,50.0
1305,1863,           UNNAMED,50.0
1310,1863,           UNNAMED,60.0
1323,1864,           UNNAMED,70.0
1336,1864,           UNNAMED,60.0
1338,1864,           UNNAMED,70.0
1365,1864,           UNNAMED,50.0
1382,1864,           UNNAMED,70.0
1395,1865,           UNNAMED,50.0
1397,1865,           UNNAMED,50.0
1399,1865,           UNNAMED,60.0
1420,1865,           UNNAMED,90.0
1458,1865,           UNNAMED,60.0
1460,1865,           UNNAMED,70.0
1462,1865,           UNNAMED,90.0
1497,1866,           UNNAMED,90.0
1517,1866,           UNNAMED,90.0
1540,1866,           UNNAMED,70.0
1555,1866,           UNNAMED,70.0
1557,1866,           UNNAMED,90.0
1570,1866,           UNNAMED,120.0
1619,1866,           UNNAMED,60.0
1627,1867,           UNNAMED,70.0
1639,1867,           UNNAMED,90.0
1668,1867,           UNNAMED,90.0
1670,1867,           UNNAMED,70.0
1687,1867,           UNNAMED,50.0
1689,1867,           UNNAMED,90.0
1700,1867,           UNNAMED,90.0
1735,1867,           UNNAMED,40.0
1737,1867,           UNNAMED,110.0
1755,1868,           UNNAMED,90.0
1774,1868,           UNNAMED,70.0
1804,1868,           UNNAMED,90.0
1817,1868,           UNNAMED,90.0
1830,1869,           UNNAMED,90.0
1835,1869,           UNNAMED,90.0
1845,1869,           UNNAMED,70.0
1850,1869,           UNNAMED,60.0
1859,1869,           UNNAMED,70.0
1869,1869,           UNNAMED,100.0
1882,1869,           UNNAMED,90.0
1915,1869,           UNNAMED,60.0
1917,1869,           UNNAMED,50.0
1919,1869,           UNNAMED,90.0
1930,1870,           UNNAMED,70.0
1932,1870,           UNNAMED,90.0
1957,1870,           UNNAMED,60.0
1974,1870,           UNNAMED,110.0
1995,1870,           UNNAMED,80.0
2012,1870,           UNNAMED,100.0
2053,1870,           UNNAMED,70.0
2055,1870,           UNNAMED,70.0
2062,1870,           UNNAMED,90.0
2081,1870,           UNNAMED,90.0
2083,1870,           UNNAMED,70.0
2104,1871,           UNNAMED,50.0
2126,1871,           UNNAMED,50.0
2140,1871,           UNNAMED,100.0
2182,1871,           UNNAMED,100.0
2240,1871,           UNNAMED,90.0
2257,1871,           UNNAMED,70.0
2275,1871,           UNNAMED,70.0
2309,1871,           UNNAMED,70.0
2324,1872,           UNNAMED,50.0
2347,1872,           UNNAMED,90.0
2404,1872,           UNNAMED,70.0
2453,1872,           UNNAMED,70.0
2482,1872,           UNNAMED,70.0
2511,1873,           UNNAMED,40.0
2520,1873,           UNNAMED,100.0
2585,1873,           UNNAMED,70.0
2599,1873,           UNNAMED,50.0
2613,1873,           UNNAMED,100.0
2673,1874,           UNNAMED,50.0
2689,1874,           UNNAMED,70.0
2710,1874,           UNNAMED,80.0
2753,1874,           UNNAMED,50.0
2778,1874,           UNNAMED,50.0
2795,1874,           UNNAMED,80.0
2823,1874,           UNNAMED,90.0
2844,1875,           UNNAMED,70.0
2861,1875,           UNNAMED,70.0
2902,1875,           UNNAMED,100.0
2948,1875,           UNNAMED,50.0
2967,1875,           UNNAMED,90.0
2984,1875,           UNNAMED,70.0
3005,1876,           UNNAMED,80.0
3018,1876,           UNNAMED,100.0
3052,1876,           UNNAMED,50.0
3065,1876,           UNNAMED,90.0
3092,1876,           UNNAMED,100.0
3142,1877,           UNNAMED,60.0
3161,1877,           UNNAMED,70.0
3196,1877,           UNNAMED,70.0
3225,1877,           UNNAMED,100.0
3287,1877,           UNNAMED,50.0
3312,1877,           UNNAMED,50.0
3337,1877,           UNNAMED,50.0
3357,1877,           UNNAMED,50.0
3370,1878,           UNNAMED,40.0
3384,1878,           UNNAMED,70.0
3430,1878,           UNNAMED,80.0
3443,1878,           UNNAMED,90.0
3468,1878,           UNNAMED,90.0
3524,1878,           UNNAMED,90.0
3553,1878,           UNNAMED,120.0
3614,1878,           UNNAMED,70.0
3644,1878,           UNNAMED,70.0
3677,1878,           UNNAMED,100.0
3706,1878,           UNNAMED,90.0
3740,1878,           UNNAMED,60.0
3773,1879,           UNNAMED,70.0
3790,1879,           UNNAMED,100.0
3823,1879,           UNNAMED,90.0
3849,1879,           UNNAMED,110.0
3871,1879,           UNNAMED,50.0
3893,1879,           UNNAMED,50.0
3927,1879,           UNNAMED,70.0
3953,1879,           UNNAMED,90.0
3970,1880,           UNNAMED,40.0
3990,1880,           UNNAMED,130.0
4036,1880,           UNNAMED,80.0
4061,1880,           UNNAMED,90.0
4099,1880,           UNNAMED,80.0
4140,1880,           UNNAMED,70.0
4167,1880,           UNNAMED,80.0
4180,1880,           UNNAMED,120.0
4213,1880,           UNNAMED,70.0
4239,1880,           UNNAMED,80.0
4268,1880,           UNNAMED,60.0
4289,1881,           UNNAMED,50.0
4305,1881,           UNNAMED,80.0
4338,1881,           UNNAMED,40.0
4354,1881,           UNNAMED,70.0
4379,1881,           UNNAMED,90.0
4417,1881,           UNNAMED,90.0
4439,1881,           UNNAMED,60.0
4468,1882,           UNNAMED,70.0
4474,1882,           UNNAMED,110.0
4522,1882,           UNNAMED,50.0
4533,1882,           UNNAMED,50.0
4550,1882,           UNNAMED,70.0
4571,1882,           UNNAMED,120.0
4617,1883,           UNNAMED,80.0
4662,1883,           UNNAMED,110.0
4703,1883,           UNNAMED,110.0
4743,1883,           UNNAMED,70.0
4772,1884,           UNNAMED,70.0
4797,1884,           UNNAMED,100.0
4854,1884,           UNNAMED,80.0
4900,1884,           UNNAMED,90.0
4945,1885,           UNNAMED,80.0
4982,1885,           UNNAMED,90.0
5015,1885,           UNNAMED,50.0
5029,1885,           UNNAMED,80.0
5059,1885,           UNNAMED,70.0
5076,1885,           UNNAMED,70.0
5114,1885,           UNNAMED,80.0
5131,1885,           UNNAMED,60.0
5149,1886,           UNNAMED,85.0
5162,1886,           UNNAMED,85.0
5196,1886,           UNNAMED,85.0
5220,1886,           UNNAMED,75.0
5265,1886,           UNNAMED,130.0
5306,1886,           UNNAMED,105.0
5359,1886,           UNNAMED,100.0
5382,1886,           UNNAMED,85.0
5419,1886,           UNNAMED,85.0
5456,1886,           UNNAMED,105.0
5482,1886,           UNNAMED,45.0
5507,1886,           UNNAMED,60.0
5529,1887,           UNNAMED,60.0
5552,1887,           UNNAMED,50.0
5573,1887,           UNNAMED,35.0
5589,1887,           UNNAMED,85.0
5627,1887,           UNNAMED,50.0
5664,1887,           UNNAMED,105.0
5703,1887,           UNNAMED,110.0
5743,1887,           UNNAMED,90.0
5767,1887,           UNNAMED,85.0
5815,1887,           UNNAMED,70.0
5833,1887,           UNNAMED,50.0
5845,1887,           UNNAMED,60.0
5854,1887,           UNNAMED,75.0
5908,1887,           UNNAMED,75.0
5920,1887,           UNNAMED,90.0
5939,1887,           UNNAMED,70.0
5975,1887,           UNNAMED,70.0
6006,1887,           UNNAMED,70.0
6033,1887,           UNNAMED,50.0
6057,1888,           UNNAMED,70.0
6070,1888,           UNNAMED,50.0
6081,1888,           UNNAMED,110.0
6126,1888,           UNNAMED,110.0
6161,1888,           UNNAMED,50.0
6190,1888,           UNNAMED,70.0
6209,1888,           UNNAMED,95.0
6230,1888,           UNNAMED,50.0
6262,1888,           UNNAMED,85.0
6327,1889,           UNNAMED,70.0
6352,1889,           UNNAMED,65.0
6378,1889,           UNNAMED,70.0
6418,1889,           UNNAMED,90.0
6467,1889,           UNNAMED,70.0
6508,1889,           UNNAMED,95.0
6570,1889,           UNNAMED,50.0
6602,1889,           UNNAMED,60.0
6632,1889,           UNNAMED,50.0
6660,1890,           UNNAMED,50.0
6671,1890,           UNNAMED,50.0
6713,1890,           UNNAMED,105.0
6747,1890,           UNNAMED,80.0
6754,1891,           UNNAMED,80.0
6777,1891,           UNNAMED,65.0
6829,1891,           UNNAMED,110.0
6861,1891,           UNNAMED,85.0
6896,1891,           UNNAMED,85.0
6941,1891,           UNNAMED,85.0
6981,1891,           UNNAMED,45.0
7007,1891,           UNNAMED,55.0
7043,1891,           UNNAMED,75.0
7078,1891,           UNNAMED,50.0
7092,1892,           UNNAMED,45.0
7126,1892,           UNNAMED,65.0
7167,1892,           UNNAMED,85.0
7226,1892,           UNNAMED,50.0
7264,1892,           UNNAMED,85.0
7313,1892,           UNNAMED,50.0
7325,1892,           UNNAMED,85.0
7371,1892,           UNNAMED,80.0
7402,1892,           UNNAMED,45.0
7438,1893,           UNNAMED,65.0
7475,1893,           UNNAMED,85.0
7490,1893,           UNNAMED,105.0
7541,1893,           UNNAMED,100.0
7589,1893,           UNNAMED,85.0
7606,1893,           UNNAMED,105.0
7682,1893,           UNNAMED,85.0
7722,1893,           UNNAMED,85.0
7747,1893,           UNNAMED,105.0
7832,1893,           UNNAMED,115.0
7868,1893,           UNNAMED,50.0
7885,1893,           UNNAMED,60.0
7918,1894,           UNNAMED,35.0
7935,1894,           UNNAMED,50.0
7955,1894,           UNNAMED,100.0
8000,1894,           UNNAMED,105.0
8058,1894,           UNNAMED,105.0
8108,1894,           UNNAMED,115.0
8149,1894,           UNNAMED,95.0
8192,1895,           UNNAMED,50.0
8210,1895,           UNNAMED,95.0
8247,1895,           UNNAMED,50.0
8287,1895,           UNNAMED,35.0
8312,1895,           UNNAMED,90.0
8372,1895,           UNNAMED,35.0
8390,1896,           UNNAMED,85.0
8425,1896,           UNNAMED,100.0
8478,1896,           UNNAMED,85.0
8522,1896,           UNNAMED,110.0
8558,1896,           UNNAMED,85.0
8599,1896,           UNNAMED,85.0
8659,1896,           UNNAMED,50.0
8672,1897,           UNNAMED,85.0
8716,1897,           UNNAMED,75.0
8733,1897,           UNNAMED,60.0
8759,1897,           UNNAMED,40.0
8780,1897,           UNNAMED,70.0
8835,1897,           UNNAMED,55.0
8872,1898,           UNNAMED,70.0
8883,1898,           UNNAMED,75.0
8896,1898,           UNNAMED,70.0
8909,1898,           UNNAMED,95.0
8971,1898,           UNNAMED,50.0
9015,1898,           UNNAMED,50.0
9051,1898,           UNNAMED,115.0
9101,1898,           UNNAMED,45.0
9115,1898,           UNNAMED,60.0
9167,1898,           UNNAMED,40.0
9180,1898,           UNNAMED,50.0
9216,1899,           UNNAMED,35.0
9224,1899,           UNNAMED,85.0
9249,1899,           UNNAMED,130.0
9383,1899,           UNNAMED,90.0
9427,1899,           UNNAMED,105.0
9480,1899,           UNNAMED,50.0
9507,1899,           UNNAMED,40.0
9525,1899,           UNNAMED,40.0
9540,1899,           UNNAMED,95.0
9582,1899,           UNNAMED,55.0
9599,1900,           UNNAMED,125.0
9681,1900,           UNNAMED,105.0
9732,1900,           UNNAMED,85.0
9795,1900,           UNNAMED,45.0
9817,1900,           UNNAMED,60.0
9860,1900,           UNNAMED,40.0
9885,1900,           UNNAMED,45.0
9910,1901,           UNNAMED,35.0
9932,1901,           UNNAMED,60.0
9972,1901,           UNNAMED,70.0
10015,1901,           UNNAMED,80.0
10087,1901,           UNNAMED,45.0
10106,1901,           UNNAMED,70.0
10129,1901,           UNNAMED,90.0
10185,1901,           UNNAMED,70.0
10230,1901,           UNNAMED,50.0
10255,1901,           UNNAMED,45.0
10304,1901,           UNNAMED,60.0
10344,1901,           UNNAMED,50.0
10361,1901,           UNNAMED,70.0
10392,1902,           UNNAMED,50.0
10416,1902,           UNNAMED,70.0
10454,1902,           UNNAMED,85.0
10494,1902,           UNNAMED,90.0
10539,1902,           UNNAMED,60.0
10564,1903,           UNNAMED,70.0
10589,1903,           UNNAMED,105.0
10633,1903,           UNNAMED,80.0
10667,1903,           UNNAMED,85.0
10693,1903,           UNNAMED,50.0
10726,1903,           UNNAMED,95.0
10746,1903,           UNNAMED,85.0
10787,1903,           UNNAMED,60.0
10812,1903,           UNNAMED,50.0
10840,1903,           UNNAMED,70.0
10876,1904,           UNNAMED,70.0
10895,1904,           UNNAMED,75.0
10929,1904,           UNNAMED,70.0
10958,1904,           UNNAMED,70.0
11000,1904,           UNNAMED,45.0
11028,1904,           UNNAMED,45.0
11055,1905,           UNNAMED,50.0
11066,1905,           UNNAMED,50.0
11089,1905,           UNNAMED,45.0
11118,1905,           UNNAMED,105.0
11170,1905,           UNNAMED,45.0
11199,1906,           UNNAMED,45.0
11227,1906,           UNNAMED,90.0
11269,1906,           UNNAMED,60.0
11285,1906,           UNNAMED,115.0
11360,1906,           UNNAMED,80.0
11424,1906,           UNNAMED,105.0
11470,1906,           UNNAMED,60.0
11515,1906,           UNNAMED,105.0
11581,1906,           UNNAMED,45.0
11597,1906,           UNNAMED,45.0
11621,1906,           UNNAMED,70.0
11644,1907,           UNNAMED,55.0
11672,1907,           UNNAMED,40.0
11696,1907,           UNNAMED,45.0
11710,1907,           UNNAMED,45.0
11723,1907,           UNNAMED,40.0
11752,1908,           UNNAMED,85.0
11767,1908,           UNNAMED,65.0
11800,1908,           UNNAMED,70.0
11844,1908,           UNNAMED,50.0
11870,1908,           UNNAMED,45.0
11886,1908,           UNNAMED,105.0
11937,1908,           UNNAMED,60.0
11948,1908,           UNNAMED,95.0
12015,1908,           UNNAMED,90.0
12036,1908,           UNNAMED,35.0
12055,1909,           UNNAMED,40.0
12076,1909,           UNNAMED,85.0
12099,1909,           UNNAMED,45.0
12136,1909,           UNNAMED,100.0
12175,1909,           UNNAMED,40.0
12196,1909,           UNNAMED,105.0
12231,1909,           UNNAMED,45.0
12246,1909,           UNNAMED,45.0
12264,1909,           UNNAMED,105.0
12300,1909,           UNNAMED,50.0
12322,1909,           UNNAMED,105.0
12353,1909,           UNNAMED,90.0
12380,1910,           UNNAMED,40.0
12408,1910,           UNNAMED,40.0
12431,1910,           UNNAMED,95.0
12476,1910,           UNNAMED,85.0
12500,1910,           UNNAMED,130.0
12560,1911,           UNNAMED,50.0
12592,1911,           UNNAMED,70.0
12619,1911,           UNNAMED,85.0
12655,1911,           UNNAMED,85.0
12694,1911,           UNNAMED,55.0
12717,1911,           UNNAMED,45.0
12743,1912,           UNNAMED,60.0
12786,1912,           UNNAMED,45.0
12809,1912,           UNNAMED,45.0
12830,1912,           UNNAMED,80.0
12852,1912,           UNNAMED,80.0
12883,1912,           UNNAMED,85.0
12911,1912,           UNNAMED,100.0
12955,1913,           UNNAMED,65.0
12989,1913,           UNNAMED,40.0
13000,1913,           UNNAMED,60.0
13071,1913,           UNNAMED,75.0
13094,1913,           UNNAMED,65.0
13131,1913,           UNNAMED,65.0
13142,1914,           UNNAMED,60.0
13162,1915,           UNNAMED,65.0
13185,1915,           UNNAMED,125.0
13261,1915,           UNNAMED,105.0
13321,1915,           UNNAMED,85.0
13349,1915,           UNNAMED,50.0
13366,1915,           UNNAMED,125.0
13409,1916,           UNNAMED,50.0
13429,1916,           UNNAMED,105.0
13481,1916,           UNNAMED,90.0
13534,1916,           UNNAMED,100.0
13555,1916,           UNNAMED,50.0
13566,1916,           UNNAMED,115.0
13600,1916,           UNNAMED,95.0
13623,1916,           UNNAMED,70.0
13650,1916,           UNNAMED,45.0
13662,1916,           UNNAMED,75.0
13698,1916,           UNNAMED,105.0
13730,1916,           UNNAMED,50.0
13744,1916,           UNNAMED,105.0
13781,1916,           UNNAMED,95.0
13825,1916,           UNNAMED,60.0
13848,1917,           UNNAMED,45.0
13882,1917,           UNNAMED,60.0
13907,1917,           UNNAMED,105.0
13943,1917,           UNNAMED,130.0
13987,1918,           UNNAMED,105.0
14016,1918,           UNNAMED,90.0
14035,1918,           UNNAMED,65.0
14051,1918,           UNNAMED,60.0
14075,1918,           UNNAMED,95.0
14103,1918,           UNNAMED,40.0
14127,1919,           UNNAMED,55.0
14144,1919,           UNNAMED,85.0
14158,1919,           UNNAMED,130.0
14218,1919,           UNNAMED,40.0
14233,1919,           UNNAMED,60.0
14258,1920,           UNNAMED,95.0
14297,1920,           UNNAMED,85.0
14328,1920,           UNNAMED,75.0
14349,1920,           UNNAMED,40.0
14368,1920,           UNNAMED,75.0
14393,1921,           UNNAMED,80.0
14437,1921,           UNNAMED,70.0
14454,1921,           UNNAMED,110.0
14503,1921,           UNNAMED,80.0
14532,1921,           UNNAMED,70.0
14569,1921,           UNNAMED,120.0
14613,1921,           UNNAMED,50.0
14642,1922,           UNNAMED,45.0
14661,1922,           UNNAMED,105.0
14724,1922,           UNNAMED,70.0
14754,1922,           UNNAMED,95.0
14801,1922,           UNNAMED,45.0
14826,1923,           UNNAMED,50.0
14855,1923,           UNNAMED,90.0
14895,1923,           UNNAMED,45.0
14913,1923,           UNNAMED,70.0
14935,1923,           UNNAMED,105.0
14977,1923,           UNNAMED,70.0
15000,1923,           UNNAMED,55.0
15022,1923,           UNNAMED,50.0
15046,1923,           UNNAMED,40.0
15059,1924,           UNNAMED,40.0
15074,1924,           UNNAMED,55.0
15086,1924,           UNNAMED,105.0
15137,1924,           UNNAMED,95.0
15186,1924,           UNNAMED,75.0
15216,1924,           UNNAMED,40.0
15229,1924,           UNNAMED,50.0
15278,1924,           UNNAMED,65.0
15297,1924,           UNNAMED,50.0
15314,1924,           UNNAMED,145.0
15355,1924,           UNNAMED,70.0
15394,1925,           UNNAMED,70.0
15409,1925,           UNNAMED,35.0
15421,1925,           UNNAMED,45.0
15430,1925,           UNNAMED,80.0
15467,1926,           UNNAMED,120.0
15515,1926,           UNNAMED,105.0
15558,1926,           UNNAMED,100.0
15590,1926,           UNNAMED,115.0
15686,1926,           UNNAMED,90.0
15706,1926,           UNNAMED,35.0
15734,1926,           UNNAMED,130.0
15781,1926,           UNNAMED,90.0
15824,1926,           UNNAMED,35.0
15836,1926,           UNNAMED,130.0
15894,1926,           UNNAMED,35.0
15913,1927,           UNNAMED,110.0
15959,1927,           UNNAMED,80.0
15999,1927,           UNNAMED,70.0
16028,1927,           UNNAMED,95.0
16065,1927,           UNNAMED,50.0
16083,1927,           UNNAMED,40.0
16098,1927,           UNNAMED,40.0
16119,1927,           UNNAMED,50.0
16132,1928,           UNNAMED,90.0
16179,1928,           UNNAMED,80.0
16222,1928,           UNNAMED,50.0
16252,1928,           UNNAMED,140.0
16315,1928,           UNNAMED,60.0
16336,1928,           UNNAMED,80.0
16359,1929,           UNNAMED,80.0
16375,1929,           UNNAMED,135.0
16443,1929,           UNNAMED,50.0
16464,1929,           UNNAMED,60.0
16487,1929,           UNNAMED,70.0
16503,1930,           UNNAMED,110.0
16554,1930,           UNNAMED,135.0
16636,1930,           UNNAMED,60.0
16649,1931,           UNNAMED,45.0
16669,1931,           UNNAMED,60.0
16696,1931,           UNNAMED,50.0
16731,1931,           UNNAMED,35.0
16753,1931,           UNNAMED,40.0
16767,1931,           UNNAMED,115.0
16796,1931,           UNNAMED,85.0
16830,1931,           UNNAMED,65.0
16856,1931,           UNNAMED,40.0
16870,1931,           UNNAMED,55.0
16889,1931,           UNNAMED,50.0
16908,1931,           UNNAMED,45.0
16931,1931,           UNNAMED,55.0
16947,1932,           UNNAMED,55.0
16971,1932,           UNNAMED,130.0
16989,1932,           UNNAMED,75.0
17029,1932,           UNNAMED,140.0
17103,1932,           UNNAMED,60.0
17120,1932,           UNNAMED,65.0
17159,1932,           UNNAMED,55.0
17204,1932,           UNNAMED,55.0
17222,1932,           UNNAMED,125.0
17254,1932,           UNNAMED,40.0
17265,1932,           UNNAMED,60.0
17313,1932,           UNNAMED,50.0
17332,1932,           UNNAMED,60.0
17346,1932,           UNNAMED,150.0
17410,1932,           UNNAMED,85.0
17442,1933,           UNNAMED,45.0
17465,1933,           UNNAMED,95.0
17519,1933,           UNNAMED,45.0
17575,1933,           UNNAMED,50.0
17587,1933,           UNNAMED,80.0
17639,1933,           UNNAMED,120.0
17702,1933,           UNNAMED,40.0
17734,1933,           UNNAMED,140.0
17795,1933,           UNNAMED,55.0
17830,1933,           UNNAMED,35.0
17845,1933,           UNNAMED,120.0
17879,1933,           UNNAMED,120.0
17940,1933,           UNNAMED,95.0
17964,1933,           UNNAMED,140.0
18003,1933,           UNNAMED,65.0
18021,1933,           UNNAMED,40.0
18038,1933,           UNNAMED,110.0
18072,1933,           UNNAMED,80.0
18128,1933,           UNNAMED,70.0
18149,1933,           UNNAMED,50.0
18158,1934,           UNNAMED,85.0
18230,1934,           UNNAMED,80.0
18252,1934,           UNNAMED,75.0
18273,1934,           UNNAMED,35.0
18285,1934,           UNNAMED,70.0
18313,1934,           UNNAMED,45.0
18329,1934,           UNNAMED,90.0
18354,1934,           UNNAMED,45.0
18384,1934,           UNNAMED,50.0
18415,1934,           UNNAMED,85.0
18428,1934,           UNNAMED,50.0
18452,1934,           UNNAMED,40.0
18470,1934,           UNNAMED,100.0
18513,1935,           UNNAMED,50.0
18531,1935,           UNNAMED,115.0
18575,1935,           UNNAMED,160.0
18628,1935,           UNNAMED,50.0
18644,1935,           UNNAMED,120.0
18684,1935,           UNNAMED,75.0
18721,1935,           UNNAMED,90.0
18761,1935,           UNNAMED,40.0
18807,1936,           UNNAMED,40.0
18831,1936,           UNNAMED,45.0
18845,1936,           UNNAMED,70.0
18854,1936,           UNNAMED,40.0
18865,1936,           UNNAMED,90.0
18890,1936,           UNNAMED,45.0
18922,1936,           UNNAMED,35.0
18944,1936,           UNNAMED,65.0
18965,1936,           UNNAMED,50.0
18980,1936,           UNNAMED,95.0
19030,1936,           UNNAMED,70.0
19044,1936,           UNNAMED,35.0
19050,1936,           UNNAMED,105.0
19122,1936,           UNNAMED,45.0
19145,1936,           UNNAMED,90.0
19174,1936,           UNNAMED,35.0
19184,1936,           UNNAMED,55.0
19240,1937,           UNNAMED,60.0
19262,1937,           UNNAMED,55.0
19291,1937,           UNNAMED,60.0
19331,1937,           UNNAMED,85.0
19356,1937,           UNNAMED,60.0
19366,1937,           UNNAMED,110.0
19398,1937,           UNNAMED,50.0
19422,1937,           UNNAMED,85.0
19457,1937,           UNNAMED,65.0
19486,1937,           UNNAMED,40.0
19498,1937,           UNNAMED,70.0
19510,1938,           UNNAMED,70.0
19533,1938,           UNNAMED,60.0
19541,1938,           UNNAMED,85.0
19566,1938,           UNNAMED,105.0
19591,1938,           UNNAMED,35.0
19611,1938,           UNNAMED,140.0
19669,1938,           UNNAMED,50.0
19700,1938,           UNNAMED,35.0
19720,1938,           UNNAMED,60.0
19736,1939,           UNNAMED,55.0
19765,1939,           UNNAMED,65.0
19816,1939,           UNNAMED,55.0
19841,1939,           UNNAMED,45.0
19861,1939,           UNNAMED,120.0
19892,1939,           UNNAMED,80.0
19932,1940,           UNNAMED,55.0
19965,1940,           UNNAMED,85.0
19997,1940,           UNNAMED,85.0
20036,1940,           UNNAMED,95.0
20071,1940,           UNNAMED,85.0
20121,1940,           UNNAMED,45.0
20151,1940,           UNNAMED,85.0
20179,1940,           UNNAMED,70.0
20199,1940,           UNNAMED,70.0
20221,1941,           UNNAMED,50.0
20244,1941,           UNNAMED,110.0
20285,1941,           UNNAMED,70.0
20318,1941,           UNNAMED,115.0
20348,1941,           UNNAMED,105.0
20393,1941,           UNNAMED,45.0
20424,1942,           UNNAMED,50.0
20437,1942,           UNNAMED,70.0
20464,1942,           UNNAMED,100.0
20503,1942,           UNNAMED,95.0
20543,1942,           UNNAMED,45.0
20576,1942,           UNNAMED,45.0
20604,1942,           UNNAMED,45.0
20618,1942,           UNNAMED,60.0
20641,1942,           UNNAMED,45.0
20654,1942,           UNNAMED,45.0
20677,1942,           UNNAMED,95.0
20706,1943,           UNNAMED,90.0
20725,1943,           UNNAMED,50.0
20752,1943,           UNNAMED,120.0
20787,1943,           UNNAMED,105.0
20824,1943,           UNNAMED,45.0
20843,1943,           UNNAMED,85.0
20864,1943,           UNNAMED,55.0
20881,1943,           UNNAMED,60.0
20893,1943,           UNNAMED,95.0
20919,1943,           UNNAMED,40.0
20946,1944,           UNNAMED,70.0
20975,1944,           UNNAMED,55.0
20991,1944,           UNNAMED,70.0
21013,1944,           UNNAMED,105.0
21046,1944,           UNNAMED,50.0
21067,1944,           UNNAMED,55.0
21081,1944,           UNNAMED,140.0
21114,1944,           UNNAMED,70.0
21129,1944,           UNNAMED,85.0
21159,1944,           UNNAMED,45.0
21173,1944,           UNNAMED,40.0
21187,1944,           UNNAMED,70.0
21208,1944,           UNNAMED,125.0
21260,1944,           UNNAMED,60.0
21273,1945,           UNNAMED,85.0
21333,1945,           UNNAMED,35.0
21347,1945,           UNNAMED,50.0
21360,1945,           UNNAMED,60.0
21376,1945,           UNNAMED,100.0
21401,1945,           UNNAMED,60.0
21417,1945,           UNNAMED,35.0
21431,1945,           UNNAMED,50.0
21446,1945,           UNNAMED,115.0
21486,1945,           UNNAMED,80.0
21509,1945,           UNNAMED,85.0
21536,1946,           UNNAMED,35.0
21551,1946,           UNNAMED,70.0
21576,1946,           UNNAMED,35.0
21583,1946,           UNNAMED,85.0
21610,1946,           UNNAMED,80.0
21631,1946,           UNNAMED,85.0
21671,1946,           UNNAMED,40.0
21685,1947,           UNNAMED,45.0
21696,1947,           UNNAMED,95.0
21728,1947,           UNNAMED,70.0
21768,1947,           UNNAMED,125.0
21842,1947,           UNNAMED,50.0
21853,1947,           UNNAMED,55.0
21881,1947,           UNNAMED,50.0
21898,1947,           UNNAMED,50.0
21912,1947,           UNNAMED,90.0
21949,1947,           UNNAMED,105.0
21972,1948,           UNNAMED,45.0
22001,1948,           UNNAMED,35.0
22020,1948,           UNNAMED,105.0
22065,1948,           UNNAMED,50.0
22076,1948,           UNNAMED,70.0
22099,1948,           UNNAMED,115.0
22154,1948,           UNNAMED,55.0
22169,1948,           UNNAMED,115.0
22206,1948,           UNNAMED,110.0
22263,1948,           UNNAMED,65.0
22275,1949,           UNNAMED,95.0
22313,1949,           UNNAMED,115.0
22354,1949,           UNNAMED,40.0
22369,1949,           UNNAMED,110.0
22405,1949,           UNNAMED,50.0
22417,1949,           UNNAMED,65.0
22465,1949,           UNNAMED,45.0
22480,1949,           UNNAMED,50.0
22497,1949,           UNNAMED,80.0
22525,1949,           UNNAMED,70.0
22537,1949,           UNNAMED,95.0
22579,1949,           UNNAMED,50.0
22601,1949,           UNNAMED,80.0
22637,1949,           UNNAMED,50.0
22655,1949,           UNNAMED,45.0
22675,1949,           UNNAMED,55.0
22685,1950,              ABLE,110.0
22737,1950,             BAKER,90.0
22798,1950,           CHARLIE,95.0
22860,1950,               DOG,125.0
22935,1950,              EASY,105.0
22975,1950,               FOX,120.0
23014,1950,            GEORGE,95.0
23057,1950,               HOW,40.0
23073,1950,              ITEM,90.0
23090,1950,               JIG,100.0
23118,1950,              KING,115.0
23150,1950,           UNNAMED,60.0
23182,1950,              LOVE,70.0
23204,1950,              MIKE,40.0
23219,1950,           UNNAMED,45.0
23230,1950,           UNNAMED,60.0
23241,1951,           UNNAMED,55.0
23283,1951,              ABLE,80.0
23320,1951,             BAKER,50.0
23336,1951,           CHARLIE,115.0
23389,1951,               DOG,80.0
23428,1951,              EASY,130.0
23484,1951,               FOX,100.0
23520,1951,            GEORGE,50.0
23532,1951,               HOW,85.0
23586,1951,              ITEM,55.0
23610,1951,               JIG,65.0
23631,1951,           UNNAMED,70.0
23668,1952,           UNNAMED,60.0
23682,1952,              ABLE,85.0
23749,1952,           UNNAMED,45.0
23756,1952,             BAKER,95.0
23797,1952,           UNNAMED,45.0
23825,1952,           CHARLIE,105.0
23855,1952,               DOG,60.0
23882,1952,           UNNAMED,40.0
23904,1952,              EASY,90.0
23926,1952,               FOX,125.0
23963,1952,           UNNAMED,50.0
23989,1953,             ALICE,60.0
24043,1953,           UNNAMED,45.0
24062,1953,           BARBARA,80.0
24089,1953,             CAROL,140.0
24142,1953,           UNNAMED,35.0
24156,1953,             DOLLY,65.0
24192,1953,              EDNA,100.0
24221,1953,           UNNAMED,45.0
24245,1953,          FLORENCE,100.0
24265,1953,              GAIL,70.0
24307,1953,           UNNAMED,55.0
24327,1953,             HAZEL,75.0
24368,1953,           UNNAMED,45.0
24384,1953,           UNNAMED,55.0
24394,1954,           UNNAMED,45.0
24409,1954,           UNNAMED,60.0
24439,1954,             ALICE,95.0
24453,1954,           UNNAMED,45.0
24469,1954,           BARBARA,50.0
24484,1954,             CAROL,100.0
24515,1954,             DOLLY,75.0
24534,1954,              EDNA,110.0
24576,1954,           UNNAMED,40.0
24585,1954,          FLORENCE,55.0
24597,1954,           UNNAMED,40.0
24609,1954,             GILDA,60.0
24634,1954,           UNNAMED,85.0
24683,1954,             HAZEL,115.0
24740,1954,           UNNAMED,35.0
24762,1954,             ALICE,80.0
24792,1955,            BRENDA,60.0
24807,1955,            CONNIE,120.0
24857,1955,             DIANE,90.0
24925,1955,             EDITH,85.0
24986,1955,           UNNAMED,45.0
25001,1955,             FLORA,90.0
25033,1955,            GLADYS,65.0
25048,1955,              IONE,120.0
25118,1955,             HILDA,105.0
25158,1955,             JANET,150.0
25199,1955,           UNNAMED,45.0
25222,1955,           UNNAMED,55.0
25241,1955,             KATIE,95.0
25262,1956,           UNNAMED,50.0
25278,1956,              ANNA,75.0
25288,1956,             BETSY,105.0
25339,1956,             CARLA,60.0
25378,1956,              DORA,50.0
25391,1956,             ETHEL,50.0
25403,1956,            FLOSSY,80.0
25456,1956,             GRETA,85.0
25487,1956,           UNNAMED,40.0
25502,1956,           UNNAMED,40.0
25515,1956,           UNNAMED,55.0
25536,1956,           UNNAMED,40.0
25548,1957,           UNNAMED,65.0
25581,1957,            AUDREY,110.0
25602,1957,            BERTHA,55.0
25617,1957,            CARRIE,120.0
25713,1957,            DEBBIE,35.0
25724,1957,            ESTHER,55.0
25740,1957,            FRIEDA,75.0
25770,1957,           UNNAMED,50.0
25791,1958,              ALMA,55.0
25802,1958,             BECKY,60.0
25840,1958,              CLEO,120.0
25888,1958,             DAISY,115.0
25919,1958,              ELLA,95.0
25955,1958,              FIFI,75.0
25986,1958,             GERDA,50.0
26021,1958,            HELENE,130.0
26076,1958,              ILSA,95.0
26103,1958,            JANICE,85.0
26143,1958,           UNNAMED,55.0
26162,1958,           UNNAMED,60.0
26176,1959,            ARLENE,55.0
26201,1959,            BEULAH,60.0
26217,1959,           UNNAMED,75.0
26238,1959,             CINDY,65.0
26274,1959,             DEBRA,75.0
26297,1959,             EDITH,50.0
26304,1959,             FLORA,65.0
26322,1959,            GRACIE,115.0
26373,1959,            HANNAH,105.0
26420,1959,             IRENE,40.0
26434,1959,            JUDITH,75.0
26469,1959,           UNNAMED,60.0
26490,1959,           UNNAMED,60.0
26521,1959,           UNNAMED,55.0
26543,1960,           UNNAMED,50.0
26571,1960,              ABBY,70.0
26606,1960,            BRENDA,60.0
26653,1960,              CLEO,75.0
26668,1960,             DONNA,125.0
26741,1960,             ETHEL,100.0
26764,1960,          FLORENCE,50.0
26805,1960,           UNNAMED,40.0
26815,1961,              ANNA,90.0
26848,1961,             BETSY,115.0
26907,1961,             CARLA,125.0
26968,1961,            DEBBIE,80.0
27024,1961,            ESTHER,140.0
27095,1961,           UNNAMED,60.0
27111,1961,           FRANCES,115.0
27155,1961,             GERDA,65.0
27179,1961,            HATTIE,145.0
27206,1961,             JENNY,70.0
27245,1961,              INGA,60.0
27266,1961,           UNNAMED,50.0
27282,1962,              ALMA,75.0
27311,1962,             BECKY,50.0
27332,1962,             CELIA,60.0
27372,1962,             DAISY,90.0
27414,1962,              ELLA,95.0
27460,1962,           UNNAMED,55.0
27492,1962,           UNNAMED,80.0
27533,1963,            ARLENE,100.0
27589,1963,            BEULAH,105.0
27670,1963,           UNNAMED,70.0
27692,1963,             CINDY,55.0
27709,1963,             DEBRA,65.0
27733,1963,             EDITH,85.0
27762,1963,             FLORA,130.0
27842,1963,             GINNY,95.0
27895,1963,            HELENA,45.0
27919,1963,           UNNAMED,50.0
27934,1964,           UNNAMED,60.0
27969,1964,           UNNAMED,75.0
28020,1964,              ABBY,60.0
28035,1964,            BRENDA,45.0
28047,1964,              CLEO,130.0
28140,1964,              DORA,115.0
28216,1964,             ETHEL,90.0
28271,1964,          FLORENCE,40.0
28293,1964,            GLADYS,115.0
28342,1964,             HILDA,120.0
28382,1964,            ISBELL,100.0
28417,1964,           UNNAMED,60.0
28440,1964,           UNNAMED,50.0
28461,1965,           UNNAMED,50.0
28492,1965,              ANNA,90.0
28515,1965,             BETSY,120.0
28590,1965,             CAROL,80.0
28661,1965,            DEBBIE,50.0
28686,1965,             ELENA,95.0
28720,1965,           UNNAMED,50.0
28752,1965,           UNNAMED,60.0
28770,1965,           UNNAMED,55.0
28786,1965,           UNNAMED,45.0
28810,1966,              ALMA,100.0
28852,1966,             BECKY,75.0
28869,1966,             CELIA,65.0
28908,1966,           DOROTHY,75.0
28949,1966,              ELLA,40.0
28974,1966,             FAITH,105.0
29071,1966,             GRETA,45.0
29098,1966,            HALLIE,50.0
29105,1966,              INEZ,140.0
29194,1966,            JUDITH,40.0
29210,1966,              LOIS,75.0
29251,1966,           UNNAMED,40.0
29272,1966,           UNNAMED,25.0
29282,1966,           UNNAMED,30.0
29296,1966,            KENDRA,35.0
29331,1966,           UNNAMED,55.0
29357,1966,           UNNAMED,55.0
29384,1967,           UNNAMED,25.0
29394,1967,           UNNAMED,45.0
29422,1967,            ARLENE,80.0
29456,1967,             CHLOE,95.0
29526,1967,            BEULAH,140.0
29606,1967,             DORIA,85.0
29675,1967,           UNNAMED,30.0
29708,1967,           UNNAMED,40.0
29736,1967,           UNNAMED,30.0
29746,1967,             EDITH,45.0
29766,1967,              FERN,65.0
29780,1967,            GINGER,45.0
29795,1967,           UNNAMED,50.0
29817,1967,           UNNAMED,30.0
29827,1967,             HEIDI,75.0
29886,1967,           UNNAMED,45.0
29902,1967,           UNNAMED,35.0
29921,1968,              ABBY,65.0
29974,1968,            BRENDA,70.0
30010,1968,             CANDY,60.0
30031,1968,             DOLLY,75.0
30060,1968,           UNNAMED,25.0
30083,1968,              EDNA,60.0
30101,1968,           UNNAMED,75.0
30145,1968,           UNNAMED,30.0
30156,1968,           FRANCES,50.0
30183,1968,           UNNAMED,30.0
30195,1968,            GLADYS,85.0
30232,1968,           UNNAMED,30.0
30236,1968,           UNNAMED,55.0
30268,1969,           UNNAMED,25.0
30275,1969,           UNNAMED,30.0
30283,1969,              ANNA,60.0
30327,1969,           BLANCHE,75.0
30345,1969,            DEBBIE,110.0
30399,1969,           CAMILLE,150.0
30437,1969,               EVE,45.0
30449,1969,         FRANCELIA,85.0
30478,1969,           UNNAMED,30.0
30490,1969,             GERDA,105.0
30514,1969,             HOLLY,70.0
30536,1969,           UNNAMED,30.0
30554,1969,              INGA,95.0
30656,1969,           UNNAMED,70.0
30691,1969,           UNNAMED,60.0
30719,1969,           UNNAMED,50.0
30736,1969,             JENNY,40.0
30753,1969,              KARA,80.0
30802,1969,            LAURIE,80.0
30845,1969,           UNNAMED,60.0
30864,1969,           UNNAMED,80.0
30912,1969,            MARTHA,80.0
30934,1969,           UNNAMED,30.0
30940,1970,              ALMA,65.0
30979,1970,             BECKY,55.0
31000,1970,           UNNAMED,30.0
31018,1970,             CELIA,120.0
31044,1970,           UNNAMED,30.0
31062,1970,           UNNAMED,30.0
31094,1970,           UNNAMED,70.0
31167,1970,           DOROTHY,60.0
31186,1970,           UNNAMED,40.0
31228,1970,           UNNAMED,25.0
31239,1970,              ELLA,110.0
31262,1970,            FELICE,60.0
31296,1970,           UNNAMED,25.0
31311,1970,           UNNAMED,75.0
31400,1970,             GRETA,40.0
31435,1970,           UNNAMED,85.0
31458,1970,           UNNAMED,85.0
31493,1970,           UNNAMED,30.0
31499,1970,           UNNAMED,40.0
31514,1970,           UNNAMED,30.0
31526,1970,           UNNAMED,60.0
31569,1971,            ARLENE,55.0
31585,1971,           UNNAMED,25.0
31591,1971,           UNNAMED,25.0
31597,1971,           UNNAMED,75.0
31615,1971,           UNNAMED,25.0
31629,1971,              BETH,75.0
31659,1971,           UNNAMED,25.0
31677,1971,             CHLOE,55.0
31707,1971,             DORIA,55.0
31744,1971,           UNNAMED,25.0
31762,1971,              FERN,80.0
31802,1971,           UNNAMED,30.0
31825,1971,             EDITH,140.0
31877,1971,            GINGER,95.0
31996,1971,           UNNAMED,25.0
32010,1971,           UNNAMED,30.0
32028,1971,             HEIDI,55.0
32046,1971,             IRENE,70.0
32084,1971,            JANICE,55.0
32100,1971,           UNNAMED,25.0
32134,1971,            KRISTY,45.0
32151,1971,             LAURA,60.0
32191,1972,             ALPHA,60.0
32216,1972,             AGNES,75.0
32252,1972,           UNNAMED,25.0
32261,1972,           UNNAMED,25.0
32272,1972,           UNNAMED,25.0
32291,1972,           UNNAMED,25.0
32305,1972,           UNNAMED,25.0
32316,1972,           UNNAMED,25.0
32330,1972,           UNNAMED,25.0
32340,1972,             BETTY,90.0
32383,1972,            CARRIE,60.0
32413,1972,           UNNAMED,25.0
32423,1972,              DAWN,70.0
32463,1972,           CHARLIE,60.0
32475,1972,           UNNAMED,25.0
32493,1972,           UNNAMED,25.0
32503,1972,           UNNAMED,30.0
32545,1972,           UNNAMED,25.0
32563,1972,             DELTA,40.0
32589,1973,           UNNAMED,25.0
32603,1973,           UNNAMED,25.0
32617,1973,           UNNAMED,25.0
32627,1973,             ALICE,80.0
32650,1973,           UNNAMED,25.0
32660,1973,              ALFA,40.0
32672,1973,           UNNAMED,30.0
32682,1973,            BRENDA,80.0
32699,1973,         CHRISTINE,60.0
32742,1973,             DELIA,60.0
32766,1973,           UNNAMED,30.0
32792,1973,             ELLEN,100.0
32830,1973,           UNNAMED,25.0
32840,1973,              FRAN,70.0
32861,1973,           UNNAMED,25.0
32871,1973,             GILDA,60.0
32928,1973,           UNNAMED,30.0
32935,1974,           UNNAMED,25.0
32953,1974,           UNNAMED,55.0
32960,1974,           UNNAMED,30.0
32970,1974,           UNNAMED,30.0
32989,1974,           UNNAMED,45.0
33009,1974,           UNNAMED,50.0
33029,1974,              ALMA,55.0
33043,1974,           UNNAMED,30.0
33053,1974,             BECKY,100.0
33082,1974,            CARMEN,130.0
33132,1974,           UNNAMED,30.0
33170,1974,             DOLLY,45.0
33183,1974,            ELAINE,60.0
33222,1974,              FIFI,95.0
33256,1974,           UNNAMED,25.0
33267,1974,           UNNAMED,30.0
33285,1974,          GERTRUDE,65.0
33313,1974,           UNNAMED,45.0
33335,1974,           UNNAMED,25.0
33349,1974,           UNNAMED,25.0
33359,1975,           UNNAMED,30.0
33381,1975,               AMY,60.0
33413,1975,           UNNAMED,25.0
33419,1975,           BLANCHE,75.0
33440,1975,           UNNAMED,25.0
33448,1975,           UNNAMED,30.0
33458,1975,          CAROLINE,100.0
33492,1975,             DORIS,95.0
33522,1975,           UNNAMED,30.0
33547,1975,           UNNAMED,30.0
33561,1975,           UNNAMED,25.0
33568,1975,           UNNAMED,30.0
33583,1975,            ELOISE,110.0
33631,1975,              FAYE,90.0
33678,1975,            GLADYS,120.0
33725,1975,           UNNAMED,25.0
33743,1975,           UNNAMED,25.0
33753,1975,           UNNAMED,30.0
33767,1975,            HALLIE,45.0
33782,1975,           UNNAMED,25.0
33793,1975,           UNNAMED,30.0
33812,1975,           UNNAMED,25.0
33822,1975,           UNNAMED,60.0
33840,1976,           UNNAMED,45.0
33859,1976,           UNNAMED,30.0
33870,1976,           UNNAMED,30.0
33877,1976,           UNNAMED,25.0
33887,1976,           UNNAMED,25.0
33894,1976,              ANNA,45.0
33932,1976,             BELLE,105.0
33951,1976,            DOTTIE,45.0
33967,1976,           CANDICE,80.0
33993,1976,              EMMY,90.0
34056,1976,           FRANCES,100.0
34102,1976,           UNNAMED,25.0
34112,1976,           UNNAMED,25.0
34122,1976,           UNNAMED,40.0
34138,1976,           UNNAMED,30.0
34168,1976,           UNNAMED,25.0
34179,1976,            GLORIA,90.0
34215,1976,           UNNAMED,30.0
34225,1976,           UNNAMED,30.0
34263,1976,           UNNAMED,30.0
34277,1976,             HOLLY,65.0
34304,1977,           UNNAMED,25.0
34311,1977,           UNNAMED,30.0
34318,1977,           UNNAMED,25.0
34324,1977,           UNNAMED,30.0
34338,1977,             ANITA,150.0
34359,1977,              BABE,65.0
34384,1977,             CLARA,65.0
34412,1977,           UNNAMED,25.0
34422,1977,           UNNAMED,25.0
34428,1977,           DOROTHY,75.0
34444,1977,           UNNAMED,30.0
34454,1977,           UNNAMED,30.0
34464,1977,            EVELYN,70.0
34475,1977,            FRIEDA,50.0
34486,1977,           UNNAMED,30.0
34493,1978,           UNNAMED,40.0
34513,1978,           UNNAMED,25.0
34520,1978,           UNNAMED,30.0
34530,1978,            AMELIA,45.0
34537,1978,              BESS,45.0
34551,1978,              CORA,80.0
34571,1978,           UNNAMED,30.0
34590,1978,           UNNAMED,25.0
34597,1978,             DEBRA,50.0
34612,1978,              ELLA,120.0
34640,1978,           UNNAMED,30.0
34650,1978,           UNNAMED,30.0
34684,1978,           FLOSSIE,85.0
34735,1978,           UNNAMED,30.0
34746,1978,              HOPE,55.0
34786,1978,             GRETA,115.0
34813,1978,           UNNAMED,30.0
34859,1978,           UNNAMED,30.0
34869,1978,              IRMA,45.0
34884,1978,            JULIET,45.0
34901,1978,           UNNAMED,30.0
34920,1978,           UNNAMED,25.0
34934,1978,            KENDRA,70.0
34959,1978,           UNNAMED,25.0
34969,1979,           UNNAMED,30.0
34992,1979,               ANA,50.0
35012,1979,           UNNAMED,25.0
35034,1979,               BOB,65.0
35064,1979,           UNNAMED,30.0
35079,1979,         CLAUDETTE,45.0
35137,1979,           UNNAMED,30.0
35152,1979,           UNNAMED,30.0
35178,1979,             DAVID,150.0
35234,1979,           UNNAMED,30.0
35248,1979,          FREDERIC,115.0
35317,1979,             ELENA,35.0
35331,1979,           UNNAMED,30.0
35353,1979,            GLORIA,85.0
35398,1979,             HENRI,75.0
35438,1979,           UNNAMED,30.0
35460,1979,           UNNAMED,30.0
35494,1979,           UNNAMED,65.0
35504,1979,           UNNAMED,30.0
35526,1979,           UNNAMED,30.0
35538,1980,           UNNAMED,25.0
35556,1980,           UNNAMED,30.0
35574,1980,           UNNAMED,30.0
35592,1980,             ALLEN,165.0
35639,1980,           UNNAMED,30.0
35657,1980,            BONNIE,85.0
35682,1980,           CHARLEY,70.0
35705,1980,           UNNAMED,30.0
35723,1980,           GEORGES,70.0
35756,1980,              EARL,65.0
35784,1980,          DANIELLE,50.0
35797,1980,           FRANCES,100.0
35859,1980,           HERMINE,60.0
35883,1980,              IVAN,90.0
35929,1980,           UNNAMED,25.0
35939,1980,            JEANNE,85.0
35975,1980,           UNNAMED,30.0
36001,1980,              KARL,75.0
36015,1981,           UNNAMED,30.0
36021,1981,           UNNAMED,25.0
36032,1981,            ARLENE,50.0
36044,1981,           UNNAMED,30.0
36056,1981,           UNNAMED,30.0
36064,1981,              BRET,60.0
36074,1981,           UNNAMED,30.0
36083,1981,           UNNAMED,30.0
36091,1981,             CINDY,50.0
36104,1981,            DENNIS,70.0
36165,1981,           UNNAMED,30.0
36185,1981,           UNNAMED,30.0
36198,1981,             EMILY,80.0
36246,1981,             FLOYD,100.0
36284,1981,              GERT,90.0
36321,1981,            HARVEY,115.0
36356,1981,           UNNAMED,30.0
36368,1981,             IRENE,105.0
36417,1981,           UNNAMED,30.0
36454,1981,              JOSE,45.0
36470,1981,           KATRINA,75.0
36491,1981,           UNNAMED,60.0
36512,1982,           ALBERTO,75.0
36530,1982,           UNNAMED,60.0
36543,1982,             BERYL,60.0
36581,1982,           UNNAMED,30.0
36597,1982,             CHRIS,55.0
36614,1982,             DEBBY,115.0
36645,1982,           UNNAMED,30.0
36661,1982,           ERNESTO,60.0
36673,1983,           UNNAMED,30.0
36696,1983,           UNNAMED,30.0
36722,1983,            ALICIA,100.0
36748,1983,             BARRY,70.0
36775,1983,           CHANTAL,65.0
36796,1983,              DEAN,55.0
36814,1984,           UNNAMED,30.0
36826,1984,           UNNAMED,30.0
36835,1984,           UNNAMED,30.0
36847,1984,           UNNAMED,30.0
36858,1984,           UNNAMED,50.0
36873,1984,            ARTHUR,45.0
36907,1984,            BERTHA,35.0
36930,1984,             CESAR,50.0
36943,1984,           UNNAMED,30.0
36952,1984,             DIANA,115.0
36986,1984,           EDOUARD,55.0
36994,1984,              FRAN,55.0
37016,1984,            GUSTAV,45.0
37028,1984,          HORTENSE,65.0
37069,1984,           ISIDORE,50.0
37095,1984,         JOSEPHINE,90.0
37152,1984,           UNNAMED,30.0
37165,1984,             KLAUS,80.0
37199,1984,           UNNAMED,30.0
37220,1984,              LILI,70.0
37270,1985,               ANA,60.0
37287,1985,               BOB,65.0
37309,1985,         CLAUDETTE,75.0
37340,1985,             DANNY,80.0
37378,1985,             ELENA,110.0
37412,1985,           UNNAMED,30.0
37434,1985,           UNNAMED,30.0
37445,1985,            FABIAN,55.0
37462,1985,            GLORIA,125.0
37528,1985,             HENRI,50.0
37544,1985,            ISABEL,60.0
37581,1985,              JUAN,75.0
37611,1985,              KATE,105.0
37646,1985,           UNNAMED,30.0
37657,1986,            ANDREW,45.0
37674,1986,            BONNIE,75.0
37696,1986,           UNNAMED,30.0
37718,1986,           UNNAMED,30.0
37726,1986,           CHARLEY,70.0
37795,1986,           UNNAMED,30.0
37817,1986,           UNNAMED,30.0
37831,1986,          DANIELLE,50.0
37846,1986,              EARL,90.0
37885,1986,           FRANCES,75.0
37899,1987,           UNNAMED,30.0
37931,1987,           UNNAMED,40.0
37964,1987,            ARLENE,65.0
38046,1987,           UNNAMED,30.0
38058,1987,              BRET,45.0
38085,1987,           UNNAMED,30.0
38100,1987,             CINDY,45.0
38123,1987,           UNNAMED,30.0
38136,1987,           UNNAMED,30.0
38144,1987,            DENNIS,45.0
38194,1987,           UNNAMED,30.0
38212,1987,             EMILY,110.0
38243,1987,             FLOYD,65.0
38265,1987,           UNNAMED,30.0
38283,1988,           ALBERTO,35.0
38297,1988,             BERYL,45.0
38310,1988,             CHRIS,45.0
38350,1988,             DEBBY,65.0
38384,1988,           ERNESTO,55.0
38394,1988,           UNNAMED,50.0
38408,1988,          FLORENCE,70.0
38429,1988,           GILBERT,160.0
38479,1988,            HELENE,125.0
38524,1988,             ISAAC,40.0
38537,1988,              JOAN,125.0
38591,1988,             KEITH,65.0
38631,1988,           UNNAMED,25.0
38641,1988,           UNNAMED,30.0
38649,1988,           UNNAMED,30.0
38695,1988,           UNNAMED,30.0
38712,1988,           UNNAMED,30.0
38715,1988,           UNNAMED,25.0
38722,1988,           UNNAMED,30.0
38732,1989,           UNNAMED,25.0
38740,1989,           ALLISON,45.0
38770,1989,             BARRY,45.0
38789,1989,           CHANTAL,70.0
38806,1989,              DEAN,90.0
38845,1989,           UNNAMED,30.0
38882,1989,              ERIN,90.0
38920,1989,             FELIX,75.0
38984,1989,           UNNAMED,25.0
38991,1989,         GABRIELLE,125.0
39050,1989,              HUGO,140.0
39115,1989,              IRIS,60.0
39137,1989,           UNNAMED,30.0
39153,1989,             JERRY,75.0
39174,1989,             KAREN,50.0
39199,1990,           UNNAMED,25.0
39207,1990,            ARTHUR,60.0
39230,1990,            BERTHA,70.0
39268,1990,             CESAR,45.0
39300,1990,           EDOUARD,40.0
39345,1990,             DIANA,85.0
39371,1990,              FRAN,35.0
39385,1990,            GUSTAV,105.0
39427,1990,          HORTENSE,55.0
39454,1990,           ISIDORE,85.0
39510,1990,           UNNAMED,30.0
39548,1990,         JOSEPHINE,75.0
39611,1990,             KLAUS,70.0
39637,1990,              LILI,65.0
39676,1990,             MARCO,55.0
39694,1990,              NANA,75.0
39718,1991,               ANA,45.0
39744,1991,           UNNAMED,30.0
39751,1991,               BOB,100.0
39807,1991,           UNNAMED,30.0
39815,1991,           UNNAMED,30.0
39829,1991,         CLAUDETTE,115.0
39873,1991,             DANNY,45.0
39893,1991,             ERIKA,50.0
39912,1991,            FABIAN,40.0
39924,1991,           UNNAMED,25.0
39930,1991,             GRACE,90.0
39949,1991,           UNNAMED,65.0
39972,1992,           UNNAMED,45.0
39987,1992,           UNNAMED,30.0
39993,1992,           UNNAMED,30.0
40002,1992,            ANDREW,150.0
40055,1992,            BONNIE,95.0
40117,1992,           CHARLEY,95.0
40148,1992,          DANIELLE,55.0
40167,1992,           UNNAMED,30.0
40193,1992,              EARL,55.0
40223,1992,           FRANCES,75.0
40255,1993,           UNNAMED,35.0
40267,1993,            ARLENE,35.0
40283,1993,              BRET,50.0
40317,1993,             CINDY,40.0
40330,1993,             EMILY,100.0
40392,1993,            DENNIS,45.0
40414,1993,             FLOYD,70.0
40438,1993,              GERT,85.0
40469,1993,            HARVEY,65.0
40483,1993,           UNNAMED,30.0
40489,1994,           ALBERTO,55.0
40522,1994,           UNNAMED,30.0
40529,1994,             BERYL,50.0
40550,1994,             CHRIS,70.0
40581,1994,           UNNAMED,30.0
40591,1994,             DEBBY,60.0
40600,1994,           ERNESTO,50.0
40619,1994,           UNNAMED,30.0
40630,1994,           UNNAMED,30.0
40638,1994,           UNNAMED,30.0
40646,1994,          FLORENCE,95.0
40675,1994,            GORDON,75.0
40735,1995,           ALLISON,65.0
40771,1995,             BARRY,60.0
40796,1995,           CHANTAL,60.0
40838,1995,              DEAN,40.0
40861,1995,              ERIN,85.0
40892,1995,           UNNAMED,30.0
40902,1995,             FELIX,120.0
40972,1995,         GABRIELLE,60.0
40984,1995,          HUMBERTO,95.0
41026,1995,              IRIS,95.0
41093,1995,             JERRY,35.0
41116,1995,             KAREN,45.0
41148,1995,              LUIS,130.0
41210,1995,           UNNAMED,30.0
41228,1995,           MARILYN,100.0
41308,1995,              NOEL,65.0
41354,1995,              OPAL,130.0
41394,1995,             PABLO,50.0
41411,1995,           ROXANNE,100.0
41468,1995,         SEBASTIEN,55.0
41488,1995,             TANYA,75.0
41518,1996,            ARTHUR,45.0
41541,1996,            BERTHA,100.0
41593,1996,             CESAR,75.0
41612,1996,             DOLLY,70.0
41638,1996,           EDOUARD,125.0
41712,1996,              FRAN,105.0
41785,1996,            GUSTAV,40.0
41815,1996,          HORTENSE,120.0
41869,1996,           ISIDORE,100.0
41903,1996,         JOSEPHINE,60.0
41951,1996,              KYLE,45.0
41959,1996,              LILI,100.0
42020,1996,             MARCO,65.0
42075,1997,           UNNAMED,45.0
42085,1997,               ANA,40.0
42105,1997,              BILL,65.0
42116,1997,         CLAUDETTE,40.0
42133,1997,             DANNY,70.0
42181,1997,           UNNAMED,30.0
42190,1997,             ERIKA,110.0
42258,1997,            FABIAN,40.0
42276,1997,             GRACE,40.0
42290,1998,              ALEX,45.0
42317,1998,            BONNIE,100.0
42367,1998,           CHARLEY,60.0
42381,1998,          DANIELLE,90.0
42443,1998,              EARL,85.0
42477,1998,           FRANCES,55.0
42499,1998,           GEORGES,135.0
42571,1998,           HERMINE,40.0
42587,1998,              IVAN,80.0
42624,1998,            JEANNE,90.0
42679,1998,              KARL,90.0
42706,1998,              LISA,65.0
42728,1998,             MITCH,155.0
42807,1998,            NICOLE,75.0
42843,1999,            ARLENE,50.0
42870,1999,           UNNAMED,30.0
42875,1999,              BRET,125.0
42902,1999,             CINDY,120.0
42954,1999,            DENNIS,90.0
43021,1999,             EMILY,45.0
43040,1999,           UNNAMED,30.0
43049,1999,             FLOYD,135.0
43100,1999,              GERT,130.0
43150,1999,            HARVEY,50.0
43165,1999,           UNNAMED,30.0
43176,1999,           UNNAMED,30.0
43189,1999,             IRENE,95.0
43224,1999,              JOSE,85.0
43259,1999,           KATRINA,35.0
43276,1999,             LENNY,135.0
43316,2000,           UNNAMED,25.0
43321,2000,           UNNAMED,30.0
43334,2000,           ALBERTO,110.0
43422,2000,           UNNAMED,30.0
43436,2000,             BERYL,45.0
43446,2000,             CHRIS,35.0
43456,2000,             DEBBY,75.0
43480,2000,           ERNESTO,35.0
43491,2000,           UNNAMED,30.0
43498,2000,          FLORENCE,70.0
43528,2000,            GORDON,70.0
43558,2000,            HELENE,60.0
43601,2000,             ISAAC,120.0
43654,2000,             JOYCE,80.0
43683,2000,             KEITH,120.0
43719,2000,            LESLIE,60.0
43746,2000,           MICHAEL,85.0
43769,2000,            NADINE,50.0
43783,2000,           UNNAMED,55.0
43804,2001,           ALLISON,50.0
43862,2001,           UNNAMED,25.0
43868,2001,             BARRY,60.0
43894,2001,           CHANTAL,60.0
43928,2001,              DEAN,60.0
43958,2001,              ERIN,105.0
44021,2001,             FELIX,100.0
44068,2001,         GABRIELLE,70.0
44110,2001,           UNNAMED,30.0
44115,2001,          HUMBERTO,90.0
44142,2001,              IRIS,125.0
44165,2001,             JERRY,45.0
44176,2001,             KAREN,70.0
44196,2001,           LORENZO,35.0
44213,2001,          MICHELLE,120.0
44249,2001,              NOEL,65.0
44262,2001,              OLGA,80.0
44310,2002,            ARTHUR,50.0
44331,2002,            BERTHA,35.0
44355,2002,         CRISTOBAL,45.0
44369,2002,             DOLLY,50.0
44396,2002,           EDOUARD,55.0
44418,2002,               FAY,50.0
44442,2002,           UNNAMED,30.0
44448,2002,            GUSTAV,85.0
44479,2002,             HANNA,50.0
44497,2002,           ISIDORE,110.0
44553,2002,         JOSEPHINE,50.0
44563,2002,              KYLE,75.0
44654,2002,              LILI,125.0
44712,2002,           UNNAMED,30.0
44724,2003,               ANA,50.0
44764,2003,           UNNAMED,30.0
44769,2003,              BILL,50.0
44791,2003,         CLAUDETTE,80.0
44837,2003,             DANNY,65.0
44882,2003,           UNNAMED,30.0
44891,2003,           UNNAMED,30.0
44899,2003,             ERIKA,65.0
44911,2003,           UNNAMED,30.0
44916,2003,            FABIAN,125.0
44970,2003,             GRACE,35.0
44984,2003,             HENRI,50.0
45007,2003,            ISABEL,145.0
45066,2003,           UNNAMED,30.0
45077,2003,              JUAN,90.0
45100,2003,              KATE,110.0
45159,2003,             LARRY,55.0
45202,2003,             MINDY,40.0
45217,2003,          NICHOLAS,60.0
45298,2003,            ODETTE,55.0
45322,2003,             PETER,60.0
45338,2004,              ALEX,105.0
45364,2004,            BONNIE,55.0
45409,2004,           CHARLEY,130.0
45440,2004,          DANIELLE,95.0
45487,2004,              EARL,45.0
45497,2004,           FRANCES,125.0
45573,2004,            GASTON,65.0
45602,2004,           HERMINE,50.0
45619,2004,              IVAN,145.0
45714,2004,           UNNAMED,30.0
45728,2004,            JEANNE,105.0
45798,2004,              KARL,125.0
45847,2004,              LISA,65.0
45903,2004,           MATTHEW,40.0
45917,2004,            NICOLE,45.0
45926,2004,              OTTO,45.0
45966,2005,            ARLENE,60.0
45993,2005,              BRET,35.0
46001,2005,             CINDY,65.0
46036,2005,            DENNIS,130.0
46096,2005,             EMILY,140.0
46142,2005,          FRANKLIN,60.0
46181,2005,              GERT,40.0
46191,2005,            HARVEY,55.0
46238,2005,             IRENE,90.0
46295,2005,               TEN,30.0
46317,2005,              JOSE,50.0
46324,2005,           KATRINA,150.0
46359,2005,               LEE,35.0
46386,2005,             MARIA,100.0
46438,2005,              NATE,80.0
46468,2005,           OPHELIA,75.0
46538,2005,          PHILIPPE,70.0
46567,2005,              RITA,155.0
46604,2005,          NINETEEN,30.0
46614,2005,              STAN,70.0
46632,2005,           UNNAMED,45.0
46640,2005,             TAMMY,45.0
46650,2005,        TWENTY-TWO,40.0
46678,2005,             VINCE,65.0
46694,2005,             WILMA,160.0
46743,2005,             ALPHA,45.0
46755,2005,              BETA,100.0
46774,2005,             GAMMA,45.0
46808,2005,             DELTA,60.0
46851,2005,           EPSILON,75.0
46895,2005,              ZETA,55.0
46932,2006,           ALBERTO,60.0
46971,2006,           UNNAMED,45.0
46985,2006,             BERYL,50.0
47004,2006,             CHRIS,55.0
47028,2006,             DEBBY,45.0
47055,2006,           ERNESTO,65.0
47103,2006,          FLORENCE,80.0
47166,2006,            GORDON,105.0
47224,2006,            HELENE,105.0
47287,2006,             ISAAC,75.0
47312,2007,            ANDREA,65.0
47344,2007,             BARRY,50.0
47369,2007,           CHANTAL,60.0
47393,2007,              DEAN,150.0
47436,2007,              ERIN,50.0
47458,2007,             FELIX,150.0
47487,2007,         GABRIELLE,50.0
47503,2007,            INGRID,40.0
47530,2007,          HUMBERTO,80.0
47542,2007,               TEN,30.0
47547,2007,             JERRY,35.0
47556,2007,             KAREN,65.0
47576,2007,           LORENZO,70.0
47591,2007,           MELISSA,35.0
47623,2007,           FIFTEEN,45.0
47650,2007,              NOEL,75.0
47707,2007,              OLGA,50.0
47733,2008,            ARTHUR,40.0
47744,2008,            BERTHA,110.0
47819,2008,         CRISTOBAL,55.0
47838,2008,             DOLLY,85.0
47870,2008,           EDOUARD,55.0
47885,2008,               FAY,60.0
47946,2008,            GUSTAV,135.0
47997,2008,             HANNA,75.0
48047,2008,               IKE,125.0
48110,2008,         JOSEPHINE,55.0
48144,2008,              KYLE,75.0
48168,2008,             LAURA,70.0
48203,2008,             MARCO,55.0
48212,2008,              NANA,35.0
48227,2008,              OMAR,115.0
48260,2008,           SIXTEEN,25.0
48269,2008,            PALOMA,125.0
48306,2009,               ONE,30.0
48322,2009,               ANA,35.0
48349,2009,              BILL,115.0
48396,2009,         CLAUDETTE,50.0
48405,2009,             DANNY,50.0
48418,2009,             ERIKA,45.0
48431,2009,              FRED,105.0
48480,2009,             EIGHT,30.0
48488,2009,             GRACE,55.0
48526,2009,             HENRI,45.0
48550,2009,               IDA,90.0
48582,2010,              ALEX,95.0
48615,2010,               TWO,30.0
48629,2010,            BONNIE,40.0
48648,2010,             COLIN,50.0
48674,2010,              FIVE,30.0
48707,2010,          DANIELLE,115.0
48759,2010,              EARL,125.0
48815,2010,             FIONA,55.0
48840,2010,            GASTON,35.0
48871,2010,           HERMINE,60.0
48895,2010,              IGOR,135.0
48957,2010,             JULIA,120.0
49009,2010,              KARL,110.0
49032,2010,              LISA,75.0
49071,2010,           MATTHEW,50.0
49088,2010,            NICOLE,40.0
49101,2010,              OTTO,75.0
49149,2010,             PAULA,90.0
49171,2010,           RICHARD,85.0
49201,2010,             SHARY,65.0
49211,2010,             TOMAS,85.0
49266,2011,            ARLENE,55.0
49280,2011,              BRET,60.0
49310,2011,             CINDY,60.0
49324,2011,               DON,45.0
49339,2011,             EMILY,45.0
49364,2011,          FRANKLIN,40.0
49380,2011,              GERT,55.0
49400,2011,            HARVEY,55.0
49418,2011,             IRENE,105.0
49462,2011,               TEN,30.0
49472,2011,              JOSE,40.0
49486,2011,             KATIA,120.0
49551,2011,           UNNAMED,40.0
49566,2011,               LEE,50.0
49589,2011,             MARIA,70.0
49632,2011,              NATE,65.0
49656,2011,           OPHELIA,120.0
49716,2011,          PHILIPPE,80.0
49782,2011,              RINA,100.0
49814,2011,              SEAN,55.0
49843,2012,           ALBERTO,50.0
49864,2012,             BERYL,60.0
49898,2012,             CHRIS,75.0
49930,2012,             DEBBY,55.0
49949,2012,           ERNESTO,85.0
49989,2012,          FLORENCE,50.0
50011,2012,            HELENE,40.0
50050,2012,            GORDON,95.0
50077,2012,             ISAAC,70.0
50129,2012,             JOYCE,35.0
50142,2012,              KIRK,90.0
50165,2012,            LESLIE,70.0
50226,2012,           MICHAEL,100.0
50269,2012,            NADINE,80.0
50366,2012,             OSCAR,45.0
50380,2012,             PATTY,40.0
50392,2012,            RAFAEL,80.0
50449,2012,             SANDY,100.0
50495,2012,              TONY,45.0
50516,2013,            ANDREA,55.0
50531,2013,             BARRY,40.0
50555,2013,           CHANTAL,55.0
50569,2013,            DORIAN,50.0
50621,2013,              ERIN,40.0
50642,2013,           FERNAND,50.0
50650,2013,         GABRIELLE,55.0
50687,2013,             EIGHT,30.0
50692,2013,          HUMBERTO,80.0
50739,2013,            INGRID,75.0
50762,2013,             JERRY,45.0
50796,2013,             KAREN,55.0
50811,2013,           LORENZO,45.0
50833,2013,           MELISSA,55.0
50860,2013,           UNNAMED,55.0
50877,2014,            ARTHUR,85.0
50925,2014,               TWO,30.0
50943,2014,            BERTHA,70.0
50991,2014,         CRISTOBAL,75.0
51031,2014,             DOLLY,45.0
51045,2014,           EDOUARD,105.0
51093,2014,               FAY,70.0
51108,2014,           GONZALO,125.0
51148,2014,             HANNA,35.0
51186,2015,               ANA,50.0
51215,2015,              BILL,50.0
51238,2015,         CLAUDETTE,45.0
51254,2015,             DANNY,110.0
51286,2015,             ERIKA,45.0
51303,2015,              FRED,75.0
51335,2015,             GRACE,50.0
51353,2015,             HENRI,45.0
51367,2015,              NINE,30.0
51387,2015,               IDA,45.0
51439,2015,           JOAQUIN,135.0
51516,2015,              KATE,75.0
51537,2016,              ALEX,75.0
51580,2016,            BONNIE,40.0
51637,2016,             COLIN,50.0
51653,2016,          DANIELLE,40.0
51666,2016,              EARL,75.0
51687,2016,             FIONA,45.0
51719,2016,            GASTON,105.0
51773,2016,             EIGHT,30.0
51795,2016,           HERMINE,70.0
51843,2016,               IAN,55.0
51865,2016,             JULIA,45.0
51899,2016,              KARL,60.0
51954,2016,              LISA,45.0
51985,2016,           MATTHEW,145.0
52036,2016,            NICOLE,120.0
52100,2016,              OTTO,100.0
52139,2017,            ARLENE,55.0
52167,2017,              BRET,45.0
52177,2017,             CINDY,50.0
52198,2017,              FOUR,25.0
52208,2017,               DON,45.0
52216,2017,             EMILY,50.0
52228,2017,          FRANKLIN,75.0
52247,2017,              GERT,95.0
52276,2017,            HARVEY,115.0
52351,2017,              IRMA,155.0
52418,2017,              JOSE,135.0
52504,2017,             KATIA,90.0
52523,2017,               LEE,100.0
52587,2017,             MARIA,150.0
52656,2017,              NATE,80.0
52689,2017,           OPHELIA,100.0
52737,2017,          PHILIPPE,35.0
52745,2017,              RINA,50.0
52767,2018,           ALBERTO,55.0
52794,2018,             BERYL,70.0
52847,2018,             CHRIS,90.0
52898,2018,             DEBBY,45.0
52931,2018,           ERNESTO,40.0
52950,2018,          FLORENCE,130.0
53030,2018,            GORDON,60.0
53056,2018,            HELENE,95.0
53099,2018,             ISAAC,65.0
53131,2018,             JOYCE,45.0
53171,2018,            ELEVEN,30.0
53177,2018,              KIRK,55.0
53206,2018,            LESLIE,80.0
53296,2018,           MICHAEL,140.0
53335,2018,            NADINE,55.0
53354,2018,             OSCAR,95.0
53391,2019,            ANDREA,35.0
53399,2019,             BARRY,65.0
53425,2019,             THREE,30.0
53431,2019,           CHANTAL,35.0
53457,2019,            DORIAN,160.0
53528,2019,              ERIN,35.0
53543,2019,           FERNAND,45.0
53553,2019,         GABRIELLE,55.0
53589,2019,          HUMBERTO,110.0
53624,2019,             JERRY,90.0
53670,2019,            IMELDA,40.0
53680,2019,             KAREN,40.0
53706,2019,           LORENZO,140.0
53755,2019,           MELISSA,55.0
53781,2019,           FIFTEEN,30.0
53795,2019,            NESTOR,50.0
53811,2019,              OLGA,45.0
53822,2019,             PABLO,70.0
53845,2019,           REBEKAH,70.0
53869,2019,         SEBASTIEN,60.0
53904,2020,            ARTHUR,55.0
53923,2020,            BERTHA,45.0
53931,2020,         CRISTOBAL,50.0
53977,2020,             DOLLY,40.0
53990,2020,           EDOUARD,40.0
54013,2020,               FAY,50.0
54041,2020,           GONZALO,55.0
54065,2020,             HANNA,80.0
54084,2020,            ISAIAS,80.0
54121,2020,               TEN,30.0
54136,2020,         JOSEPHINE,40.0
54161,2020,              KYLE,45.0
54169,2020,             LAURA,130.0
54212,2020,             MARCO,65.0
54234,2020,              OMAR,35.0
54262,2020,              NANA,65.0
54276,2020,          PAULETTE,90.0
54365,2020,              RENE,40.0
54398,2020,             SALLY,95.0
54427,2020,             TEDDY,120.0
54477,2020,             VICKY,45.0
54502,2020,              BETA,55.0
54537,2020,           WILFRED,35.0
54555,2020,             ALPHA,60.0
54576,2020,             GAMMA,65.0
54598,2020,             DELTA,120.0
54630,2020,           EPSILON,100.0
54672,2020,              ZETA,100.0
54698,2020,               ETA,130.0
54757,2020,             THETA,60.0
54791,2020,              IOTA,135.0
54818,2021,               ANA,50.0
54836,2021,              BILL,55.0
54847,2021,         CLAUDETTE,40.0
54871,2021,             DANNY,40.0
54879,2021,              ELSA,75.0
54923,2021,              FRED,55.0
54969,2021,             GRACE,105.0
55008,2021,             HENRI,65.0
55051,2021,               IDA,130.0
55092,2021,              KATE,40.0
55114,2021,            JULIAN,50.0
55128,2021,             LARRY,110.0
55175,2021,             MINDY,50.0
55186,2021,          NICHOLAS,65.0
55208,2021,            ODETTE,55.0
55252,2021,             PETER,45.0
55269,2021,              ROSE,50.0
55292,2021,               SAM,135.0
55352,2021,            TERESA,40.0
55363,2021,            VICTOR,55.0
55386,2021,             WANDA,60.0
55441,2022,              ALEX,60.0
55459,2022,            BONNIE,100.0
55515,2022,             COLIN,35.0
55522,2022,          DANIELLE,75.0
55585,2022,              EARL,95.0
55638,2022,             FIONA,120.0
55700,2022,            GASTON,55.0
55735,2022,               IAN,140.0
55776,2022,           HERMINE,35.0
55789,2022,            ELEVEN,30.0
55802,2022,            TWELVE,30.0
55813,2022,             JULIA,75.0
55835,2022,              KARL,50.0
55854,2022,              LISA,80.0
55879,2022,            MARTIN,75.0
55901,2022,            NICOLE,65.0
